record_id,document_type,supplier_ref,invoice_number,invoice_date,taxable_value,cgst,sgst,igst,cess,invoice_total
S-001,invoice,DEMO-SUP-001,INV-08001,2026-08-06,4130.00,103.25,103.25,0.00,0.00,4336.50
S-002,invoice,DEMO-SUP-002,INV-08002,2026-08-11,3670.00,0.00,0.00,178.50,0.00,3848.50
S-003,invoice,DEMO-SUP-003,INV-08003,2026-08-08,7120.00,427.20,427.20,0.00,0.00,7974.40
S-004,invoice,DEMO-SUP-004,INV-08004,2026-08-15,1830.00,164.70,164.70,0.00,0.00,2159.40
S-005,invoice,DEMO-SUP-005,INV-08005,2026-08-06,1100.00,27.50,27.50,0.00,0.00,1155.00
S-007,invoice,DEMO-SUP-002,INV-08007,2026-08-01,490.00,0.00,0.00,88.20,0.00,578.20
S-008,invoice,DEMO-SUP-003,INV-08008,2026-08-14,8480.00,212.00,212.00,0.00,0.00,8904.00
S-009,invoice,DEMO-SUP-004,INV-08009,2026-08-13,5660.00,0.00,0.00,283.00,0.00,5943.00
S-010,invoice,DEMO-SUP-005,INV-08010,2026-08-11,8610.00,774.90,774.90,0.00,0.00,10159.80
S-011,invoice,DEMO-SUP-001,INV-08011,2026-08-06,4670.00,420.30,420.30,0.00,0.00,5510.60
S-012,invoice,DEMO-SUP-002,INV-08012,2026-08-24,650.00,0.00,0.00,117.00,0.00,767.00
S-013,invoice,DEMO-SUP-003,INV-08013,2026-08-20,4850.00,436.50,436.50,0.00,0.00,5723.00
S-014,invoice,DEMO-SUP-004,INV-08014,2026-08-08,6980.00,418.80,418.80,0.00,0.00,7817.60
S-015,invoice,DEMO-SUP-005,INV-08015,2026-08-12,2350.00,0.00,0.00,117.50,0.00,2467.50
S-016,invoice,DEMO-SUP-001,INV-08016,2026-08-06,8720.00,0.00,0.00,1569.60,0.00,10289.60
S-017,invoice,DEMO-SUP-002,INV-08017,2026-08-12,4800.00,120.00,120.00,0.00,0.00,5040.00
S-018,invoice,DEMO-SUP-003,INV-08018,2026-08-17,2810.00,168.60,168.60,0.00,0.00,3147.20
S-019,invoice,DEMO-SUP-004,INV-08019,2026-08-28,7880.00,472.80,472.80,0.00,0.00,8825.60
S-020,invoice,DEMO-SUP-005,INV-08020,2026-08-23,6010.00,360.60,360.60,0.00,0.00,6731.20
S-021,invoice,DEMO-SUP-001,INV-08021,2026-08-04,6070.00,546.30,546.30,0.00,0.00,7162.60
S-022,invoice,DEMO-SUP-002,INV-08022,2026-08-01,8800.00,528.00,528.00,0.00,0.00,9856.00
S-023,invoice,DEMO-SUP-003,INV-08023,2026-08-13,4920.00,295.20,295.20,0.00,0.00,5510.40
S-024,invoice,DEMO-SUP-004,INV-08024,2026-08-28,8250.00,742.50,742.50,0.00,0.00,9735.00
S-025,invoice,DEMO-SUP-003,INV-08924,2026-08-20,1230.00,73.80,73.80,0.00,0.00,1377.60
