record_id,document_type,supplier_ref,invoice_number,invoice_date,taxable_value,cgst,sgst,igst,cess,invoice_total,description
P-001,invoice,DEMO-SUP-001,INV-08001,2026-08-21,6620.00,397.20,397.20,0.00,0.00,7414.40,Printer paper A4 reams
P-002,invoice,DEMO-SUP-002,INV-08002,2026-08-16,3660.00,91.50,91.50,0.00,0.00,3843.00,Laptop repair and servicing
P-003,invoice,DEMO-SUP-003,INV-08003,2026-08-08,2040.00,0.00,0.00,244.80,0.00,2284.80,Inbound freight delivery
P-004,invoice,DEMO-SUP-004,INV-08004,2026-08-25,2550.00,153.00,153.00,0.00,0.00,2856.00,Office cleaning services
P-005,invoice,DEMO-SUP-005,INV-08005,2026-08-18,3070.00,0.00,0.00,368.40,0.00,3438.40,Audit support services
P-006,invoice,DEMO-SUP-001,INV-08006,2026-08-25,6530.00,391.80,391.80,0.00,0.00,7313.60,Printer paper A4 reams
P-007,invoice,DEMO-SUP-002,INV-08007,2026-08-23,6600.00,594.00,594.00,0.00,0.00,7788.00,Annual software support
P-008,invoice,DEMO-SUP-003,INV-08008,2026-08-05,6110.00,366.60,366.60,0.00,0.00,6843.20,Courier charges for documents
P-009,invoice,DEMO-SUP-004,INV-08009,2026-08-20,2190.00,197.10,197.10,0.00,0.00,2584.20,Packaging boxes for dispatch
P-010,invoice,DEMO-SUP-005,INV-08010,2026-13-01,3360.00,302.40,302.40,0.00,0.00,3964.80,Professional consulting fees
P-011,invoice,DEMO-SUP-001,INV-08011,2026-08-27,6330.00,379.80,379.80,0.00,0.00,7089.60,Office stationery refill
P-012,invoice,DEMO-SUP-002,INV-08012,2026-08-10,5450.00,136.25,136.25,0.00,0.00,5722.50,Network cabling work
P-013,invoice,DEMO-SUP-003,INV-08013,2026-08-26,6690.00,401.40,401.40,0.00,0.00,7492.80,Freight delivery to warehouse
P-014,invoice,DEMO-SUP-004,INV-08014,2026-08-19,2530.00,151.80,151.80,0.00,0.00,2833.60,Office cleaning services
P-015,invoice,DEMO-SUP-005,INV-08015,2026-08-16,3600.00,90.00,90.00,0.00,0.00,3780.00,Audit support services
P-016,invoice,DEMO-SUP-001,INV-08016,2026-08-18,8550.00,213.75,213.75,0.00,0.00,8977.50,Corrugated cartons for dispatch
P-017,invoice,DEMO-SUP-002,INV-08017,2026-08-07,3250.00,81.25,81.25,0.00,0.00,3412.50,Laptop repair and servicing
P-018,invoice,DEMO-SUP-003,INV-08018,2026-08-11,8300.00,0.00,0.00,1494.00,0.00,9794.00,Freight delivery to warehouse
P-019,invoice,DEMO-SUP-004,INV-08019,2026-08-05,1240.00,111.60,111.60,0.00,0.00,1463.20,Pest control visit
P-020,invoice,DEMO-SUP-003,INV-08008,2026-08-05,6110.00,366.60,366.60,0.00,0.00,6843.20,Courier charges for documents
